Category,Message
ham,"TODAY is Sorry day.! If ever i was angry with you, if ever i misbehaved or hurt you? plz plz JUST SLAP URSELF Bcoz, Its ur fault, I'm basically GOOD"
ham,I.ll give her once i have it. Plus she said grinule greet you whenever we speak
ham,Where is it. Is there any opening for mca.
ham,K:)k:)what are detail you want to transfer?acc no enough?
ham,"Wen ur lovable bcums angry wid u, dnt take it seriously.. Coz being angry is d most childish n true way of showing deep affection, care n luv!.. kettoda manda... Have nice day da."
ham,"Sir, I need AXIS BANK account no and bank address."
ham,"Lets use it next week, princess :)"
ham,"Awesome, think we can get an 8th at usf some time tonight?"
ham,Do you still have the grinder?
ham,Ok give me 5 minutes I think I see her. BTW you're my alibi. You were cutting my hair the whole time.
ham,IM GONNAMISSU SO MUCH!!I WOULD SAY IL SEND U A POSTCARD BUTTHERES ABOUTAS MUCH CHANCE OF MEREMEMBERIN ASTHERE IS OFSI NOT BREAKIN HIS CONTRACT!! LUV Yaxx
ham,I will be gentle princess! We will make sweet gentle love...
ham,Really dun bluff me leh... U sleep early too. Nite...
ham,what number do u live at? Is it 11?
ham,Captain vijaykanth is doing comedy in captain tv..he is drunken :)
ham,Ok going to sleep. Hope i can meet her.
ham,"Good afternoon sexy buns! How goes the job search ? I wake and you are my first thought as always, my love. I wish your fine and happy and know I adore you!"
ham,I had it already..sabarish asked me to go..
spam,You have won a Nokia 7250i. This is what you get when you win our FREE auction. To take part send Nokia to 86021 now. HG/Suite342/2Lands Row/W1JHL 16+
ham,Sitting in mu waiting for everyone to get out of my suite so I can take a shower
spam,Camera - You are awarded a SiPix Digital Camera! call 09061221066 fromm landline. Delivery within 28 days
ham,I told that am coming on wednesday.
ham,He didn't see his shadow. We get an early spring yay
ham,Have a nice day my dear.
ham,Dear how is chechi. Did you talk to her
spam,For the most sparkling shopping breaks from 45 per person; call 0121 2025050 or visit www.shortbreaks.org.uk
ham,Ok..
ham,Welp apparently he retired
ham,Then we wait 4 u lor... No need 2 feel bad lar...
ham,I think that tantrum's finished so yeah I'll be by at some point
ham,"Babe! I fucking love you too !! You know? Fuck it was so good to hear your voice. I so need that. I crave it. I can't get enough. I adore you, Ahmad *kisses*"
ham,"Sorry, I'll call later"
ham,Raji..pls do me a favour. Pls convey my Birthday wishes to Nimya. Pls. Today is her birthday.
ham,"Erm … ill pick you up at about 6.45pm. That'll give enough time to get there, park and that."
ham,"Good afternoon, my love! How goes that day ? I hope maybe you got some leads on a job. I think of you, boytoy and send you a passionate kiss from across the sea"
ham,I'm watching lotr w my sis dis aft. So u wan 2 meet me 4 dinner at nite a not?
ham,Okie ü wan meet at bishan? Cos me at bishan now. I'm not driving today.
ham,"Ya tel, wats ur problem.."
spam,Hello. We need some posh birds and chaps to user trial prods for champneys. Can i put you down? I need your address and dob asap. Ta r
ham,"8 at the latest, g's still there if you can scrounge up some ammo and want to give the new ak a try"
ham,You do got a shitload of diamonds though
ham,Dad went out oredi...
ham,Armand says get your ass over to epsilon
spam,"Fantasy Football is back on your TV. Go to Sky Gamestar on Sky Active and play £250k Dream Team. Scoring starts on Saturday, so register now!SKY OPT OUT to 88088"
spam,No 1 POLYPHONIC tone 4 ur mob every week! Just txt PT2 to 87575. 1st Tone FREE ! so get txtin now and tell ur friends. 150p/tone. 16 reply HL 4info
ham,"House-Maid is the murderer, coz the man was murdered on  &lt;#&gt; th January.. As public holiday all govt.instituitions are closed,including post office..understand?"
ham,NONE!NOWHERE IKNO DOESDISCOUNT!SHITINNIT
ham,I'm reaching home in 5 min.
ham,"My sister in law, hope you are having a great month. Just saying hey. Abiola"
ham,"Hi. Wk been ok - on hols now! Yes on for a bit of a run. Forgot that i have hairdressers appointment at four so need to get home n shower beforehand. Does that cause prob for u?"""
ham,Why don't you go tell your friend you're not sure you want to live with him because he smokes too much then spend hours begging him to come smoke
ham,"naughty little thought: 'its better to flirt, flirt n flirt, rather than loving someone n gettin hurt, hurt n hurt...:-) Gud nyt"
ham,For fear of fainting with the of all that housework you just did? Quick have a cuppa
ham,You still around? I could use a half-8th
spam,Free tones Hope you enjoyed your new content. text stop to 61610 to unsubscribe. help:08712400602450p Provided by tones2you.co.uk
ham,Ü got wat to buy tell us then ü no need to come in again.
spam,Free video camera phones with Half Price line rental for 12 mths and 500 cross ntwk mins 100 txts. Call MobileUpd8 08001950382 or Call2OptOut/674&
ham,Let there be snow. Let there be snow. This kind of weather brings ppl together so friendships can grow.
ham,I'm now but have to wait till 2 for the bus to pick me.
ham,THING R GOOD THANX GOT EXAMS IN MARCH IVE DONE NO REVISION? IS FRAN STILL WITH BOYF? IVE GOTTA INTERVIW 4 EXETER BIT WORRIED!x
ham,Nothing but we jus tot u would ask cos u ba gua... But we went mt faber yest... Yest jus went out already mah so today not going out... Jus call lor...
ham,Yeah jay's sort of a fucking retard
spam,sexy sexy cum and text me im wet and warm and ready for some porn! u up for some fun? THIS MSG IS FREE RECD MSGS 150P INC VAT 2 CANCEL TEXT STOP
spam,Tone Club: Your subs has now expired 2 re-sub reply MONOC 4 monos or POLYC 4 polys 1 weekly @ 150p per week Txt STOP 2 stop This msg free Stream 0871212025016
ham,Ok ok take care. I can understand.
ham,"Haha just kidding, papa needs drugs"
ham,Yes. I come to nyc for audiitions and am trying to relocate.
ham,"Gal n boy walking in d park. gal-can i hold ur hand? boy-y? do u think i would run away? gal-no, jst wana c how it feels walking in heaven with an prince..GN:-)"
spam,YOU ARE CHOSEN TO RECEIVE A £350 AWARD! Pls call claim number 09066364311 to collect your award which you are selected to receive as a valued mobile customer.
ham,Long after I quit. I get on only like 5 minutes a day as it is.
ham,No break time one... How... I come out n get my stuff fr ü?
ham,Still chance there. If you search hard you will get it..let have a try :)
ham,"Guy, no flash me now. If you go call me, call me. How madam. Take care oh."
spam,You are being ripped off! Get your mobile content from www.clubmoby.com call 08717509990 poly/true/Pix/Ringtones/Games six downloads for only 3
ham,Ok thanx...
ham,"Ya they are well and fine., BBD(pooja) full pimples..even she become quite black..and ur rite here its too cold, wearing sweatter.."
ham,Noice. Text me when you're here
ham,Ok then i come n pick u at engin?
ham,On ma way to school. Can you pls send me ashley's number
ham,K..k...from tomorrow onwards started ah?
ham,I agree. So i can stop thinkin about ipad. Can you please ask macho the same question.
ham,Bbq this sat at mine from 6ish. Ur welcome 2 come
ham,"1) Go to write msg 2) Put on Dictionary mode 3)Cover the screen with hand, 4)Press  &lt;#&gt; . 5)Gently remove Ur hand.. Its interesting..:)"
ham,Raji..pls do me a favour. Pls convey my Birthday wishes to Nimya. Pls. Today is her birthday.
ham,Hi darlin im on helens fone im gonna b up the princes 2 nite please come up tb love Kate
ham,at bruce b downs &amp; fletcher now
spam,"Shop till u Drop, IS IT YOU, either 10K, 5K, £500 Cash or £100 Travel voucher, Call now, 09064011000. NTT PO Box CR01327BT fixedline Cost 150ppm mobile vary"
spam,U’ve Bin Awarded £50 to Play 4 Instant Cash. Call 08715203028 To Claim. EVERY 9th Player Wins Min £50-£500. OptOut 08718727870
ham,True. Its easier with her here.
ham,Ha... Both of us doing e same thing. But i got tv 2 watch. U can thk of where 2 go tonight or u already haf smth in mind...
spam,Buy Space Invaders 4 a chance 2 win orig Arcade Game console. Press 0 for Games Arcade (std WAP charge) See o2.co.uk/games 4 Terms + settings. No purchase
ham,Thk some of em find wtc too far... Weiyi not goin... E rest i dunno yet... R ur goin 4 dinner den i might b able to join...
ham,Jokin only lar... :-) depends on which phone my father can get lor...
ham,"Aight, see you in a bit"
ham,Thats cool. i liked your photos. You are very sexy!
ham,Ard 6 like dat lor.
ham,"Haha yeah I see that now, be there in a sec"
ham,Alright took the morphine. Back in yo.
ham,"I didnt get ur full msg..sometext is missing, send it again"
ham,"Say this slowly.? GOD,I LOVE YOU &amp; I NEED YOU,CLEAN MY HEART WITH YOUR BLOOD.Send this to Ten special people &amp; u c miracle tomorrow, do it,pls,pls do it..."
ham,Pls help me tell sura that i'm expecting a battery from hont. And that if should pls send me a message about how to download movies. Thanks
ham,Ok leave no need to ask
spam,FreeMsg: Txt: CALL to No: 86888 & claim your reward of 3 hours talk time to use from your phone now! Subscribe6GBP/mnth inc 3hrs 16 stop?txtStop
ham,I am in a marriage function
spam,"New Tones This week include: 1)McFly-All Ab.., 2) Sara Jorge-Shock.. 3) Will Smith-Switch.. To order follow instructions on next message"
spam,"Mila, age23, blonde, new in UK. I look sex with UK guys. if u like fun with me. Text MTALK to 69866.18 . 30pp/txt 1st 5free. £1.50 increments. Help08718728876"
ham,", how's things? Just a quick question."
ham,Didn't you get hep b immunisation in nigeria.
spam,Valentines Day Special! Win over £1000 in our quiz and take your partner on the trip of a lifetime! Send GO to 83600 now. 150p/msg rcvd. CustCare:08718720201.
ham,Wewa is 130. Iriver 255. All 128 mb.
ham,"Cool, I'll text you when I'm on the way"
ham,Oh sorry please its over
spam,Block Breaker now comes in deluxe format with new features and great graphics from T-Mobile. Buy for just £5 by replying GET BBDELUXE and take the challenge
ham,"Love isn't a decision, it's a feeling. If we could decide who to love, then, life would be much simpler, but then less magical"
ham,Booked ticket for pongal?
ham,if you aren't here in the next  &lt;#&gt;  hours imma flip my shit
ham,"Just looked it up and addie goes back Monday, sucks to be her"
ham,I'm really sorry i won't b able 2 do this friday.hope u can find an alternative.hope yr term's going ok:-)
ham,Am on a train back from northampton so i'm afraid not! I'm staying skyving off today ho ho! Will be around wednesday though. Do you fancy the comedy club this week by the way?
spam,"You have won ?1,000 cash or a ?2,000 prize! To claim, call09050000327"
ham,"Damn, can you make it tonight or do you want to just wait til tomorrow"
ham,"Two fundamentals of cool life: ""Walk, like you are the KING""...! OR ""Walk like you Dont care,whoever is the KING""!... Gud nyt"
spam,"Urgent! Please call 09066612661 from your landline, your complimentary 4* Lux Costa Del Sol holiday or £1000 CASH await collection. ppm 150 SAE T&Cs James 28, EH74RR"
ham,Mm feeling sleepy. today itself i shall get that dear
ham,Ok i msg u b4 i leave my house.
ham,Nope i'll come online now..
ham,Yup i thk so until e shop closes lor.
ham,You do what all you like
ham,"Not for possession, especially not first offense"
ham,So i'm doing a list of buyers.
spam,Congratulations ur awarded either a yrs supply of CDs from Virgin Records or a Mystery Gift GUARANTEED Call 09061104283 Ts&Cs www.smsco.net £1.50pm approx 3mins
ham,"That means you got an A in epi, she.s fine. She.s here now."
ham,"Goodmorning, Today i am late for  &lt;#&gt; min."
spam,BIG BROTHER ALERT! The computer has selected u for 10k cash or #150 voucher. Call 09064018838. NTT PO Box CRO1327 18+ BT Landline Cost 150ppm mobiles vary
ham,He also knows about lunch menu only da. . I know
spam,"Thanks for your ringtone order, ref number R836. Your mobile will be charged £4.50. Should your tone not arrive please call customer services on 09065069154"
ham,Boo. How's things? I'm back at home and a little bored already :-(
ham,Hello! How's you and how did saturday go? I was just texting to see if you'd decided to do anything tomo. Not that i'm trying to invite myself or anything!
ham,That is wondarfull song
ham,When are you going to ride your bike?
ham,Dunno lei... I might b eatin wif my frens... If ü wan to eat then i wait 4 ü lar
ham,Yup i'm free...
spam,"URGENT, IMPORTANT INFORMATION FOR O2 USER. TODAY IS YOUR LUCKY DAY! 2 FIND OUT WHY LOG ONTO HTTP://WWW.URAWINNER.COM THERE IS A FANTASTIC SURPRISE AWAITING FOR YOU"
ham,Lol ok your forgiven :)
ham,Love has one law; Make happy the person you love. In the same way friendship has one law; Never make ur friend feel alone until you are alive.... Gud night
ham,.Please charge my mobile when you get up in morning.
ham,Nvm... I'm going to wear my sport shoes anyway... I'm going to be late leh.
ham,Okay... We wait ah
ham,Then why no one talking to me
ham,So u workin overtime nigpun?
ham,S.this will increase the chance of winning.
ham,S but mostly not like that.
spam,"URGENT!! Your 4* Costa Del Sol Holiday or £5000 await collection. Call 09050090044 Now toClaim. SAE, TC s, POBox334, Stockport, SK38xh, Cost£1.50/pm, Max10mins"
ham,I will come with karnan car. Please wait till 6pm will directly goto doctor.
ham,Nice line said by a broken heart- Plz don't cum 1 more times infront of me... Other wise once again I ll trust U... Good 9t:)
ham,I love ya too but try and budget your money better babe. Gary would freak on me if he knew
ham,"Height of ""Oh shit....!!"" situation: A guy throws a luv letter on a gal but falls on her brothers head whos a gay,.;-):-D"
ham,I want to tell you how bad I feel that basically the only times I text you lately are when I need drugs
ham,Ok.ok ok..then..whats ur todays plan
ham,Hey loverboy! I love you !! I had to tell ... I look at your picture and ache to feel you between my legs ... Fuck I want you ... I need you ... I crave you .
ham,"K, wait chikku..il send aftr  &lt;#&gt; mins"
ham,"Good afternon, my love. How are today? I hope your good and maybe have some interviews. I wake and miss you babe. A passionate kiss from across the sea"
ham,Gud ni8 dear..slp well..take care..swt dreams..Muah..
ham,"That day ü say ü cut ur hair at paragon, is it called hair sense? Do ü noe how much is a hair cut?"
ham,Yes:)from last week itself i'm taking live call.
ham,Nothing. Can...
ham,Minimum walk is 3miles a day.
spam,Urgent! Please call 09061213237 from landline. £5000 cash or a luxury 4* Canary Islands Holiday await collection. T&Cs SAE PO Box 177. M227XY. 150ppm. 16+
ham,I know you are. Can you pls open the back?
ham,If you have belive me. Come to my home.
ham,"Thank you so much. When we skyped wit kz and sura, we didnt get the pleasure of your company. Hope you are good. We've given you ultimatum oh! We are countin down to aburo. Enjoy! This is the message i sent days ago"
ham,Bring home some Wendy =D
ham,"That way transport is less problematic than on sat night. By the way, if u want to ask  n  to join my bday, feel free. But need to know definite nos as booking on fri."
spam,You have WON a guaranteed £1000 cash or a £2000 prize.To claim yr prize call our customer service representative on
ham,They will pick up and drop in car.so no problem..
ham,Friendship poem: Dear O Dear U R Not Near But I Can Hear Dont Get Fear Live With Cheer No More Tear U R Always my Dear. Gud ni8
spam,Please call our customer service representative on FREEPHONE 0808 145 4742 between 9am-11pm as you have WON a guaranteed £1000 cash or £5000 prize!
ham,I can make lasagna for you... vodka...
ham,"Hey doc pls I want to get nice t shirt for my hubby nice fiting ones my budget is  &lt;#&gt; k help pls I will load d card abi hw,keep me posted luv. 2 mj"
ham,Wat makes some people dearer is not just de happiness dat u feel when u meet them but de pain u feel when u miss dem!!!
ham,LOL that would be awesome payback.
ham,Great! So what attracts you to the brothas?
ham,Ha! I wouldn't say that I just didn't read anything into way u seemed. I don't like 2 be judgemental....i save that for fridays in the pub!
spam,Your credits have been topped up for http://www.bubbletext.com Your renewal Pin is tgxxrz
ham,You know what hook up means right?
ham,"When I was born, GOD said, ""Oh No! Another IDIOT"". When you were born, GOD said, ""OH No! COMPETITION"". Who knew, one day these two will become FREINDS FOREVER!"
ham,Jay's getting really impatient and belligerent
ham,Just checking in on you. Really do miss seeing Jeremiah. Do have a great month
ham,Sad story of a Man - Last week was my b'day. My Wife did'nt wish me. My Parents forgot n so did my Kids . I went to work. Even my Colleagues did not wish.
spam,"Dear Matthew please call 09063440451 from a landline, your complimentary 4*Lux Tenerife holiday or £1000 CASH await collection. ppm150 SAE T&Cs Box334 SK38XH."
ham,:( but your not here....
ham,Ü go home liao? Ask dad to pick me up at 6...
ham,Ok... Help me ask if she's working tmr a not?
ham,All these nice new shirts and the only thing I can wear them to is nudist themed ;_; you in mu?
spam,Am new 2 club & dont fink we met yet Will B gr8 2 C U Please leave msg 2day wiv ur area 09099726553 reply promised CARLIE x Calls£1/minMobsmore LKPOBOX177HP51FL
ham,Thats cool. I want to please you...
ham,Waiting in e car 4 my mum lor. U leh? Reach home already?
spam,"Hi babe its Jordan, how r u? Im home from abroad and lonely, text me back if u wanna chat xxSP visionsms.com Text stop to stopCost 150p 08712400603"
ham,"Si.como no?!listened2the plaid album-quite gd&the new air1 which is hilarious-also boughtbraindancea comp.ofstuff on aphexs ;abel,u hav2hear it!c u sn xxxx"
ham,I'm wif him now buying tix lar...
ham,V skint too but fancied few bevies.waz gona go meet &othrs in spoon but jst bin watchng planet earth&sofa is v comfey; If i dont make it hav gd night
ham,Try neva mate!!
ham,Love it! The girls at the office may wonder why you are smiling but sore...
spam,#ERROR!
ham,"You are always putting your business out there. You put pictures of your ass on facebook. You are one of the most open people i've ever met. Why would i think a picture of your room would hurt you, make you feel violated."
ham,Ok that's great thanx a lot.
ham,Yes i will be there. Glad you made it.
ham,"Ola would get back to you maybe not today but I ve told him you can be his direct link in the US in getting cars he bids for online, you arrange shipping and you get a cut. Or U????? For a partnership where U????? Invest money for shipping and he takes care of the rest!U??Wud b self reliant soon dnt worry"
spam,You have 1 new message. Please call 08712400200.
ham,Havent mus ask if u can 1st wat. Of meet 4 lunch den u n him meet can already lor. Or u wan 2 go ask da ge 1st then confirm w me asap?
ham,Please leave this topic..sorry for telling that..
ham,"I dont knw pa, i just drink milk.."
ham,"My life Means a lot to me, Not because I love my life, But because I love the people in my life, The world calls them friends, I call them my World:-).. Ge:-).."
ham,I will treasure every moment we spend together...
ham,Might ax well im there.
ham,"Yeah, probably here for a while"
ham,In meeting da. I will call you
ham,"Yep, by the pretty sculpture"
ham,"Are you being good, baby? :)"
ham,O was not into fps then.
ham,Darren was saying dat if u meeting da ge den we dun meet 4 dinner. Cos later u leave xy will feel awkward. Den u meet him 4 lunch lor.
ham,Yes.mum lookin strong:)
ham,"I'm outside islands, head towards hard rock and you'll run into me"
ham,Gd luck 4 ur exams :-)
ham,"Hey j! r u feeling any better, hopeSo hunny. i amnow feelin ill & ithink i may have tonsolitusaswell! damn iam layin in bedreal bored. lotsof luv me xxxx"
ham,"HEY THERE BABE, HOW U DOIN? WOT U UP 2 2NITE LOVE ANNIE X."
ham,"Science tells that chocolate will melt under the sunlight. Please don't walk under the sunlight. BCoz,I don't want to loss a sweet friend."
ham,Just got to  &lt;#&gt;
spam,"Spook up your mob with a Halloween collection of a logo & pic message plus a free eerie tone, txt CARD SPOOK to 8007 zed 08701417012150p per logo/pic"
ham,Yo! Howz u? girls never rang after india. L
ham,Hi :)finally i completed the course:)
ham,Ok i found dis pierre cardin one which looks normal costs 20 its on sale.
ham,"Tunji, how's the queen? how are you doing. This is just wishing you a great day. Abiola."
ham,Was actually sleeping and still might when u call back. So a text is gr8. You rock sis. Will send u a text wen i wake.
ham,"YEH I AM DEF UP4 SOMETHING SAT,JUST GOT PAYED2DAY & I HAVBEEN GIVEN A£50 PAY RISE 4MY WORK & HAVEBEEN MADE PRESCHOOLCO-ORDINATOR 2I AM FEELINGOOD LUV"
ham,In e msg jus now. U said thanks for gift.
ham,Oops sorry. Just to check that you don't mind picking me up tomo at half eight from station. Would that be ok?
ham,Hello darlin ive finished college now so txt me when u finish if u can love Kate xxx
ham,No problem. Talk to you later
ham,"Cool, text me when you head out"
ham,"Best msg: It's hard to be with a person, when u know that one more step foward will make u fall in love.. &amp; One step back can ruin ur friendship.. good night:-) ..."
ham,I will be outside office take all from there
ham,I have a sore throat. It's scratches when I talk
ham,I REALLY NEED 2 KISS U I MISS U MY BABY FROM UR BABY 4EVA
ham,So when do you wanna gym harri
ham,"Yar lor he wan 2 go c horse racing today mah, so eat earlier lor. I ate chicken rice. U?"
spam,"Double mins and txts 4 6months FREE Bluetooth on Orange. Available on Sony, Nokia Motorola phones. Call MobileUpd8 on 08000839402 or call2optout/N9DX"
ham,"OH RITE. WELL IM WITH MY BEST MATE PETE, WHO I WENT OUT WITH 4 A WEEK+ NOW WERE 2GEVA AGAIN. ITS BEEN LONGER THAN A WEEK."
ham,Wat u doing there?
ham,How much u trying to get?
ham,U GOIN OUT 2NITE?
ham,MY NO. IN LUTON 0125698789 RING ME IF UR AROUND! H*
ham,For many things its an antibiotic and it can be used for chest abdomen and gynae infections even bone infections.
ham,So why didnt you holla?
ham,At WHAT TIME should i come tomorrow
ham,U repeat e instructions again. Wat's e road name of ur house?
ham,Its  &lt;#&gt; k here oh. Should i send home for sale.
ham,Whats the staff name who is taking class for us?
ham,Get down in gandhipuram and walk to cross cut road. Right side &lt;#&gt; street road and turn at first right.
ham,K...k:)why cant you come here and search job:)
ham,But i have to. I like to have love and arrange.
ham,He remains a bro amongst bros
ham,I'm ok. Will do my part tomorrow
ham,I am in hospital da. . I will return home in evening
spam,PRIVATE! Your 2003 Account Statement for shows 800 un-redeemed S. I. M. points. Call 08718738002 Identifier Code: 48922 Expires 21/11/04
ham,Aight should I just plan to come up later tonight?
ham,This message is from a great Doctor in India:-): 1) Do not drink APPY FIZZ. It contains Cancer causing age
ham,"I am real, baby! I want to bring out your inner tigress..."
ham,Quite late lar... Ard 12 anyway i wun b drivin...
spam,UR GOING 2 BAHAMAS! CallFREEFONE 08081560665 and speak to a live operator to claim either Bahamas cruise of£2000 CASH 18+only. To opt out txt X to 07786200117
ham,Rats. Hey did u ever vote for the next themes?
ham,"I'm in a meeting, call me later at"
ham,Did you try making another butt.
ham,I wanted to ask ü to wait 4 me to finish lect. Cos my lect finishes in an hour anyway.
ham,Is ur paper today in e morn or aft?
ham,Shall i start from hear.
ham,Later i guess. I needa do mcat study too.
ham,Onum ela pa. Normal than.
ham,Indeed and by the way it was either or - not both !
ham,Hurry home. Soup is DONE!
ham,Don‘t give a flying monkeys wot they think and I certainly don‘t mind. Any friend of mine and all that!
ham,"As usual..iam fine, happy &amp; doing well..:)"
ham,Did u receive my msg?
ham,Not sure I have the stomach for it ...
spam,8007 FREE for 1st week! No1 Nokia tone 4 ur mob every week just txt NOKIA to 8007 Get txting and tell ur mates www.getzed.co.uk POBox 36504 W4 5WQ norm 150p/tone 16+
ham,"sorry brah, just finished the last of my exams, what up"
ham,Carry on not disturbing both of you
spam,URGENT! We are trying to contact you. Last weekends draw shows that you have won a £900 prize GUARANTEED. Call 09061701851. Claim code K61. Valid 12hours only
ham,U still painting ur wall?
ham,Hai dear friends... This is my new &amp; present number..:) By Rajitha Raj (Ranju)
spam,Bloomberg -Message center +447797706009 Why wait? Apply for your future http://careers. bloomberg.com
spam,"Eerie Nokia tones 4u, rply TONE TITLE to 8007 eg TONE DRACULA to 8007 Titles: GHOST, ADDAMSFA, MUNSTERS, EXORCIST, TWILIGHT www.getzed.co.uk POBox36504W45WQ 150p"
ham,Tell me they're female :V how're you throwing in? We're deciding what all to get now
ham,Pls give her prometazine syrup. 5mls then  &lt;#&gt; mins later feed.
ham,Ya:)going for restaurant..
ham,I don know account details..i will ask my mom and send you.my mom is out of reach now.
ham,Dear i am not denying your words please
ham,"No shit, but I wasn't that surprised, so I went and spent the evening with that french guy I met in town here and we fooled around a bit but I didn't let him fuck me"
ham,I will vote for wherever my heart guides me
ham,My darling sister. How are you doing. When's school resuming. Is there a minimum wait period before you reapply? Do take care
ham,"Y cant u try new invention to fly..i'm not joking.,"
ham,Ok lor but not too early. Me still having project meeting now.
ham,"Probably, want to pick up more?"
ham,You have registered Sinco as Payee. Log in at icicibank.com and enter URN  &lt;#&gt;  to confirm. Beware of frauds. Do NOT share or disclose URN to anyone.
ham,"A swt thought: ""Nver get tired of doing little things 4 lovable persons.."" Coz..somtimes those little things occupy d biggest part in their Hearts.. Gud ni8"
ham,Simply sitting and watching match in office..
ham,"Wishing you and your family Merry ""X"" mas and HAPPY NEW Year in advance.."
ham,"Dear, will call Tmorrow.pls accomodate."
spam,"0A$NETWORKS allow companies to bill for SMS, so they are responsible for their ""suppliers"", just as a shop has to give a guarantee on what they sell. B. G."
ham,"I need an 8th but I'm off campus atm, could I pick up in an hour or two?"
ham,Got c... I lazy to type... I forgot ü in lect... I saw a pouch but like not v nice...
ham,Maybe i could get book out tomo then return it immediately ..? Or something.
ham,"alright, I'll make sure the car is back tonight"
ham,"SHIT BABE.. THASA BIT MESSED UP.YEH, SHE SHUDVETOLD U. DID URGRAN KNOW?NEWAY, ILLSPEAK 2 U2MORO WEN IM NOT ASLEEP..."
ham,Convey my regards to him
ham,You got job in wipro:)you will get every thing in life in 2 or 3 years.
spam,URGENT! Your Mobile number has been awarded a <UKP>2000 prize GUARANTEED. Call 09061790125 from landline. Claim 3030. Valid 12hrs only 150ppm
ham,I don't know jack shit about anything or i'd say/ask something helpful but if you want you can pretend that I did and just text me whatever in response to the hypotheticalhuagauahahuagahyuhagga
ham,I'll be in sch fr 4-6... I dun haf da book in sch... It's at home...
ham,Check audrey's status right now
ham,THANX4 TODAY CER IT WAS NICE 2 CATCH UP BUT WE AVE 2 FIND MORE TIME MORE OFTEN OH WELL TAKE CARE C U SOON.C
ham,R we going with the  &lt;#&gt;  bus?
ham,Have you not finished work yet or something?
ham,For me the love should start with attraction.i should feel that I need her every time around me.she should be the first thing which comes in my thoughts.I would start the day and end it with her.she should be there every time I dream.love will be then when my every breath has her name.my life should happen around her.my life will be named to her.I would cry for her.will give all my happiness and take all her sorrows.I will be ready to fight with anyone for her.I will be in love when I will be doing the craziest things for her.love will be when I don't have to proove anyone that my girl is the most beautiful lady on the whole planet.I will always be singing praises for her.love will be when I start up making chicken curry and end up makiing sambar.life will be the most beautiful then.will get every morning and thank god for the day because she is with me.I would like to say a lot..will tell later..
ham,I am not sure about night menu. . . I know only about noon menu
ham,"GOD ASKED, ""What is forgiveness?"" A little child gave lovely reply, ""It is d wonderful fruit that a tree gives when it is being hurt by a stone.. Good night......"
ham,"Babe ! How goes that day ? What are you doing ? Where are you ? I sip my cappuccino and think of you, my love ... I send a kiss to you from across the sea"
ham,Okay lor... Will they still let us go a not ah? Coz they will not know until later. We drop our cards into the box right?
ham,So i could kiss and feel you next to me...
ham,Wishing you a wonderful week.
ham,"Sorry sir, i will call you tomorrow.  senthil.hsbc"
ham,I will spoil you in bed as well :)
ham,Quite ok but a bit ex... U better go eat smth now else i'll feel guilty...
ham,A bloo bloo bloo I'll miss the first bowl
ham,"Do whatever you want. You know what the rules are. We had a talk earlier this week about what had to start happening, you showing responsibility. Yet, every week it's can i bend the rule this way? What about that way? Do whatever. I'm tired of having thia same argument with you every week. And a  &lt;#&gt;  movie DOESNT inlude the previews. You're still getting in after 1."
ham,"Mmmmm ... It was sooooo good to wake to your words this morning, my Love!! Mmmm fuck ... I love you too, my Lion ... *devouring kiss from across the sea*"
ham,Did you catch the bus ? Are you frying an egg ? Did you make a tea? Are you eating your mom's left over dinner ? Do you feel my Love ?
ham,"Yo my trip got postponed, you still stocked up?"
ham,Same as u... Dun wan... Y u dun like me already ah... Wat u doing now? Still eating?
ham,No I don't have cancer. Moms making a big deal out of a regular checkup aka pap smear
ham,Lol wtf random. Btw is that your lunch break
ham,I've sent ü my part..
ham,I cant wait to see you! How were the photos were useful? :)
ham,"Probably gonna be here for a while, see you later tonight &lt;)"
ham,I come n pick ü up... Come out immediately aft ur lesson...
ham,Do you know what Mallika Sherawat did yesterday? Find out now @  &lt;URL&gt;
ham,See? I thought it all through
ham,"Babe, I need your advice"
ham,Oh :-)only 4 outside players allowed to play know
ham,Are u awake? Is there snow there?
ham,I am taking half day leave bec i am not well
ham,"Sorry, I'll call later  &lt;#&gt; mins"
spam,December only! Had your mobile 11mths+? You are entitled to update to the latest colour camera mobile for Free! Call The Mobile Update Co FREE on 08002986906
ham,Today iZ Yellow rose day. If u love my frndship give me 1 misscall &amp; send this to ur frndZ &amp; See how many miss calls u get. If u get 6missed U marry ur Lover.
ham,Shant disturb u anymore... Jia you...
ham,I will reach before ten morning
ham,Tell me pa. How is pain de.
ham,"Poyyarikatur,kolathupalayam,unjalur post,erode dis, &lt;#&gt; ."
ham,Ah poop. Looks like ill prob have to send in my laptop to get fixed cuz it has a gpu problem
ham,"Dont give a monkeys wot they think and i certainly don't mind. Any friend of mine&all that! Just don't sleep wiv , that wud be annoyin!"
ham,"Also north carolina and texas atm, you would just go to the gre site and pay for the test results to be sent."
ham,That day you asked about anand number. Why:-)
ham,But i'll b going 2 sch on mon. My sis need 2 take smth.
ham,I want kfc its Tuesday. Only buy 2 meals ONLY 2. No gravy. Only 2 Mark. 2!
ham,have got * few things to do. may be in * pub later.
ham,"Short But Cute : "" Be a good person , but dont try to prove"" ..... Gud mrng..."
ham,You busy or can I come by at some point and figure out what we're doing tomorrow
spam,Your B4U voucher w/c 27/03 is MARSMS. Log onto www.B4Utele.com for discount credit. To opt out reply stop. Customer care call 08717168528
ham,Then. You are eldest know.
ham,Even u dont get in trouble while convincing..just tel him once or twice and just tel neglect his msgs dont c and read it..just dont reply
ham,K actually can you guys meet me at the sunoco on howard? It should be right on the way
ham,When/where do I pick you up
ham,S...from the training manual it show there is no tech process:)its all about password reset and troubleshooting:)
ham,Otherwise had part time job na-tuition..
ham,Tell your friends what you plan to do on Valentines day @ &lt;URL&gt;
ham,One small prestige problem now.
ham,We're finally ready fyi
ham,Please give it 2  or i will pick it up on Tuesday evening about 8 if that is ok.
ham,"Not much, just some textin'. How bout you?"
ham,hows my favourite person today? r u workin hard? couldn't sleep again last nite nearly rang u at 4.30
ham,Hows the pain dear?y r u smiling?
ham,Yeah we do totes. When u wanna?
ham,Going on nothing great.bye
ham,Then ur sis how?
ham,God created gap btwn ur fingers so dat sum1 vry special will fill those gaps by holding ur hands.. Now plz dont ask y he created so much gap between legs !!!
ham,"Aight I'll grab something to eat too, text me when you're back at mu"
ham,Ya even those cookies have jelly on them
ham,How i noe... She's in da car now... Later then c lar... I'm wearing shorts...
ham,Hey... are you going to quit soon? Xuhui and i working till end of the month
ham,Lmao ok I wont be needing u to do my hair anymore.
ham,:-) yeah! Lol. Luckily i didn't have a starring role like you!
ham,I jus reached home. I go bathe first. But my sis using net tell u when she finishes k...
ham,Just normal only here :)
spam,We tried to contact you re your reply to our offer of a Video Phone 750 anytime any network mins Half Price Line Rental Camcorder Reply or call 08000930705
ham,Thts god's gift for birds as humans hav some natural gift frm god..
spam,25p 4 alfie Moon's Children in need song on ur mob. Tell ur m8s. Txt Tone charity to 8007 for Nokias or Poly charity for polys: zed 08701417012 profit 2 charity.
ham,I am waiting for your call sir.
spam,Burger King - Wanna play footy at a top stadium? Get 2 Burger King before 1st Sept and go Large or Super with Coca-Cola and walk out a winner
ham,Got meh... When?
spam,"FREE2DAY sexy St George's Day pic of Jordan!Txt PIC to 89080 dont miss out, then every wk a saucy celeb!4 more pics c PocketBabe.co.uk 0870241182716 £3/wk"
